{"faces": [[1, 3, 2], [10, 9, 6], [11, 10, 7], [13, 12, 9], [14, 13, 10], [6, 18, 4], [9, 18, 6], [7, 6, 4], [8, 7, 5], [4, 5, 7], [11, 8, 5], [18, 9, 12], [17, 16, 12], [13, 17, 12], [11, 15, 14], [17, 13, 14], [14, 15, 17], [5, 15, 11], [25, 22, 21], [26, 23, 22], [28, 25, 24], [29, 26, 25], [21, 19, 33], [24, 21, 33], [22, 19, 21], [23, 20, 22], [19, 22, 20], [26, 20, 23], [33, 31, 27], [32, 27, 31], [28, 27, 32], [26, 29, 30], [32, 29, 28], [29, 32, 30], [20, 26, 30], [35, 34, 36], [38, 39, 37]], "vertices": [[185.90394592285156, 0.0, 0.0], [188.07061767578125, -39.900001525878906, -3.3750779525088285e-15], [203.23727416992187, 0.0, 0.0], [201.07061767578125, -39.900001525878906, -3.5357958897449908e-15], [194.57061767578125, -58.369403839111328, 12.340862274169922], [188.07061767578125, -39.900001525878906, -3.3750779525088285e-15], [192.81019592285156, -40.314041137695313, 8.543146133422852], [191.04977416992187, -36.851028442382812, 5.695431232452393], [189.28936767578125, -33.388011932373047, 2.8477156162261963], [192.67477416992187, -26.876026153564453, 7.830646514892578], [190.77894592285156, -24.567350387573242, 5.220430850982666], [188.88311767578125, -22.258676528930664, 2.610215425491333], [192.53936767578125, -13.438013076782227, 7.1181464195251465], [190.50811767578125, -12.283675193786621, 4.745430946350098], [188.47686767578125, -11.129338264465332, 2.372715473175049], [185.90394592285156, 0.0, 0.0], [194.57061767578125, -2.7459986209869385, 8.719634056091309], [190.26927185058594, -1.362054705619812, 4.325063228607178], [194.57061767578125, -44.641563415527344, 11.4471435546875], [194.57061767578125, -58.369403839111328, 12.340862274169922], [201.07061767578125, -39.900001525878906, -3.5357958897449908e-15], [196.33102416992187, -40.314041137695313, 8.543146133422852], [198.09144592285156, -36.851028442382812, 5.695431232452393], [199.85186767578125, -33.388011932373047, 2.8477156162261963], [196.46644592285156, -26.876026153564453, 7.830646514892578], [198.36227416992187, -24.567350387573242, 5.220430850982666], [200.25811767578125, -22.258676528930664, 2.610215425491333], [196.60186767578125, -13.438013076782227, 7.1181464195251465], [198.63311767578125, -12.283675193786621, 4.745430946350098], [200.66436767578125, -11.129338264465332, 2.372715473175049], [203.23727416992187, 0.0, 0.0], [194.57061767578125, -2.7459986209869385, 8.719634056091309], [198.87196350097656, -1.362054705619812, 4.325063228607178], [194.57061767578125, -44.641563415527344, 11.4471435546875], [188.07061767578125, -39.900001525878906, -3.3750779525088285e-15], [188.07061767578125, -54.035869598388672, 34.127010345458984], [194.57061767578125, -58.369403839111328, 12.340862274169922], [201.07061767578125, -39.900001525878906, -3.5357958897449908e-15], [201.07061767578125, -54.035869598388672, 34.127010345458984], [194.57061767578125, -58.369403839111328, 12.340862274169922]], "normals": [[-0.0, -0.0, 1.0], [-0.0, -0.0, 1.0], [-0.0, 0.0, 1.0], [-0.0, 0.0, 1.0], [0.86322766542434692, -0.032795332372188568, -0.50374841690063477], [0.9123532772064209, 0.049542993307113647, -0.40639516711235046], [0.83915340900421143, -0.020361492410302162, -0.54351347684860229], [0.84969037771224976, -0.0016553017776459455, -0.5272793173789978], [0.86143165826797485, 0.020615430548787117, -0.50745487213134766], [0.7987370491027832, -0.023827819153666496, -0.60120820999145508], [0.80696815252304077, -0.0050447848625481129, -0.59057343006134033], [0.81626725196838379, 0.017473964020609856, -0.57741016149520874], [0.75277310609817505, -0.027287023141980171, -0.65771424770355225], [0.75756984949111938, -0.0085362512618303299, -0.6526983380317688], [0.76294624805450439, 0.014057304710149765, -0.64630907773971558], [0.70140904188156128, 0.038088209927082062, -0.71174061298370361], [0.71038740873336792, -0.045723125338554382, -0.70232409238815308], [0.70833247900009155, -0.011693081818521023, -0.70578211545944214], [0.83182919025421143, -0.036057677119970322, -0.55385923385620117], [-0.86322766542434692, -0.032795332372188568, -0.50374841690063477], [-0.9123532772064209, 0.049542993307113647, -0.40639516711235046], [-0.83915340900421143, -0.020361492410302162, -0.54351347684860229], [-0.84969037771224976, -0.0016553017776459455, -0.5272793173789978], [-0.86143165826797485, 0.020615430548787117, -0.50745487213134766], [-0.7987370491027832, -0.023827819153666496, -0.60120820999145508], [-0.80696815252304077, -0.0050447848625481129, -0.59057343006134033], [-0.81626725196838379, 0.017473964020609856, -0.57741016149520874], [-0.75277310609817505, -0.027287023141980171, -0.65771424770355225], [-0.75756984949111938, -0.0085362512618303299, -0.6526983380317688], [-0.76294624805450439, 0.014057304710149765, -0.64630907773971558], [-0.70140904188156128, 0.038088209927082062, -0.71174061298370361], [-0.71038740873336792, -0.045723125338554382, -0.70232409238815308], [-0.70833247900009155, -0.011693081818521023, -0.70578211545944214], [-0.83182919025421143, -0.036057677119970322, -0.55385923385620117], [-0.88477605581283569, -0.43054303526878357, -0.17833676934242249], [-0.88477605581283569, -0.43054303526878357, -0.17833676934242249], [-0.88477605581283569, -0.43054303526878357, -0.17833676934242249], [0.88477605581283569, -0.43054303526878357, -0.17833676934242249], [0.88477605581283569, -0.43054303526878357, -0.17833676934242249], [0.88477605581283569, -0.43054303526878357, -0.17833676934242249]]}